Church,Postcode
Allerton URC,L18 7HD
All Souls,L19 4TF
All Hallows,L18 6JJ
Carmelite Monastery,L18 3NU
Garston Park Church,L19 9AF
Long Lane Church,L19 6PF
St Mary's Grassendale,L19 2LD
Mossley Hill Church,L18 8DB
St Francis of Assissi Church,L19 1RT
St Barnabas Penny Lane,L18 1LZ
Aigburth Community Church,L17 0AE
St Peter's Church,L25 5JH
Liverpool Roman Catholic Archdiocesan Trust,L25 5JF
St Anthony's Friary,L18 8AY
Our Lady of the Annuniciation - Bishop Eton,L16 8NQ
St James' Church,L18 1UR
Elm Hall Drive Methodist Church,L18 1LF
Liverpool District Methodist Church,L18 2DT
Cornerstone Church Liverpool,L18 1ED
Farnworth Church,L18 3LT
Catholic Church of St Thomas More,L17 9PG
Wavertree Christian Fellowship,L15 5BZ
St Anne's Aigburth,L17 6BH
"St Mary's Church, Woolton",L25 5JF
St Hilda's Church,L25 0NG
Hamlet Baptist Church,L17 8XW
"Christ Church, Toxteth Park",L17 3BG
Gateway Church,L24 9HJ
St Charles R.C. Church,L17 9PG
St Columba URC Church,L25 0NR
Grace Family Church,L17 9PE
St Michael's Hamlet,L17 7BB
St Anthony of Padua RC Church,L18 8AY
Holy Family Catholic Church,L25 8TG
Saint Charles Borromeo R.C. Church,L17 9PG
Parish of St John Vianney,L26 0UG
Jubilee Church Liverpool,L17 3AL
